{
  "pierce1": {
    "sounds": [
      "jsplugins:pierce1"]
    },
  "pierce2": {
    "sounds": [
      "jsplugins:pierce2"]
    },
  "pierce3": {
    "sounds": [
      "jsplugins:pierce3"]
    },
  "victory1": {
    "sounds": [
      "jsplugins:victory1"]
    },
  "fanfare": {
    "sounds": [
      "jsplugins:fanfare"]
    },
  "completed": {
    "sounds": [
      "jsplugins:completed"]
    },
  "gamestart": {
    "sounds": [
      "jsplugins:gamestart"]
    },
  "correct": {
    "sounds": [
      "jsplugins:correct"]
    },
  "gamebonus": {
    "sounds": [
      "jsplugins:gamebonus"]
    },
  "ending": {
    "sounds": [
      "jsplugins:ending"]
    },
  "purchase": {
    "sounds": [
      "jsplugins:purchase"]
    },
  "explosion": {
    "sounds": [
      "jsplugins:explosion"]
    },
  "good": {
    "sounds": [
      "jsplugins:good"]
    },
  "completed2": {
    "sounds": [
      "jsplugins:completed2"]
    },
  "error": {
    "sounds": [
      "jsplugins:error"]
    }
}