{"providers":
	[
		{
      			"type": "reference",
      			"id": "chathead:playerhead"
    		},
		{
      			"type": "reference",
      			"id": "jsplugins:level_evolutions"
    		},
		{
			"type": "bitmap",
			"file": "jsplugins:guis/pixel.png",
			"height": -3,
			"ascent": -2000,
			"chars": [
				"\u4E03"
			]
		},
                {
			"type": "bitmap",
			"file": "jsplugins:gameapi/red.png",
			"height": 7,
			"ascent": 7,
			"chars": [
				"\u1E88"
			]
		},
		{
			"type": "bitmap",
			"file": "jsplugins:gameapi/green.png",
			"height": 7,
			"ascent": 7,
			"chars": [
				"\uE236"
			]
		},
		{
			"type": "bitmap",
			"file": "jsplugins:gameapi/blue.png",
			"height": 7,
			"ascent": 7,
			"chars": [
				"\u1E80"
			]
		},
		{
			"type": "bitmap",
			"file": "jsplugins:gameapi/sword.png",
			"height": 7,
			"ascent": 7,
			"chars": [
				"\u1E81"
			]
		},
		{
			"type": "bitmap",
			"file": "jsplugins:gameapi/victory.png",
			"height": 7,
			"ascent": 7,
			"chars": [
				"\u1E82"
			]
		},
		{
			"type": "bitmap",
			"file": "jsplugins:gameapi/skull.png",
			"height": 7,
			"ascent": 7,
			"chars": [
				"\u1E83"
			]
		},
		{
			"type": "bitmap",
			"file": "jsplugins:gameapi/friends.png",
			"height": 7,
			"ascent": 7,
			"chars": [
				"\u1E84"
			]
		},
		{
			"type": "bitmap",
			"file": "jsplugins:gameapi/party.png",
			"height": 7,
			"ascent": 7,
			"chars": [
				"\u1E85"
			]
		},
		{
			"type": "bitmap",
			"file": "jsplugins:gameapi/background-2.png",
			"height": 13,
			"ascent": 5,
			"chars": [
				"\u1E89"
			],
			"width": 1
		},
		{
			"type": "bitmap",
			"file": "jsplugins:gameapi/background-1.png",
			"height": 11,
			"ascent": 4,
			"chars": [
				"\u1E8A"
			]
		},
		{
			"type": "bitmap",
			"file": "jsplugins:gameapi/cooldown.png",
			"height": 7,
			"ascent": 7,
			"chars": [
				"\u1E87"
			]
		},
		{
			"type": "bitmap",
			"file": "jsplugins:gameapi/common.png",
			"height": 7,
			"ascent": 7,
			"chars": [
				"Ẓ"
			]
		},
		{
			"type": "bitmap",
			"file": "jsplugins:gameapi/uncommon.png",
			"height": 7,
			"ascent": 7,
			"chars": [
				"ẓ"
			]
		},
		{
			"type": "bitmap",
			"file": "jsplugins:gameapi/rare.png",
			"height": 7,
			"ascent": 7,
			"chars": [
				"Ẕ"
			]
		},
		{
			"type": "bitmap",
			"file": "jsplugins:gameapi/epic.png",
			"height": 7,
			"ascent": 7,
			"chars": [
				"ẕ"
			]
		},
		{
			"type": "bitmap",
			"file": "jsplugins:gameapi/legendary.png",
			"height": 7,
			"ascent": 7,
			"chars": [
				"\u1E96"
			]
		},
		{
			"type": "bitmap",
			"file": "jsplugins:gameapi/levelup.png",
			"height": 7,
			"ascent": 2,
			"chars": [
				"\uE00B"
			]
		},
		{"type":"bitmap","file":"space:font/splitter.png","ascent":-9999,"height":-2,"chars":["󀀀"]},
	{"type":"space","advances":{"󏽪":-150,"󏾜":-100,"󏿎":-50,"󏿏":-49,"󏿐":-48,"󏿑":-47,"󏿒":-46,"󏿓":-45,"󏿔":-44,"󏿕":-43,"󏿖":-42,"󏿗":-41,"󏿘":-40,"󏿙":-39,"󏿚":-38,"󏿛":-37,"󏿜":-36,"󏿝":-35,"󏿞":-34,"󏿟":-33,"󏿠":-32,"󏿡":-31,"󏿢":-30,"󏿣":-29,"󏿤":-28,"󏿥":-27,"󏿦":-26,"󏿧":-25,"󏿨":-24,"󏿩":-23,"󏿪":-22,"󏿫":-21,"󏿬":-20,"󏿭":-19,"󏿮":-18,"󏿯":-17,"󏿰":-16,"󏿱":-15,"󏿲":-14,"󏿳":-13,"󏿴":-12,"󏿵":-11,"󏿶":-10,"󏿷":-9,"󏿸":-8,"󏿹":-7,"󏿺":-6,"󏿻":-5,"󏿼":-4,"󏿽":-3,"󏿾":-2,"󏿿":-1,"󐀀":0,"󐀁":1,"󐀂":2,"󐀃":3,"󐀄":4,"󐀅":5,"󐀆":6,"󐀇":7,"󐀈":8,"󐀉":9,"󐀊":10,"󐀋":11,"󐀌":12,"󐀍":13,"󐀎":14,"󐀏":15,"󐀐":16,"󐀑":17,"󐀒":18,"󐀓":19,"󐀔":20,"󐀕":21,"󐀖":22,"󐀗":23,"󐀘":24,"󐀙":25,"󐀚":26,"󐀛":27,"󐀜":28,"󐀝":29,"󐀞":30,"󐀟":31,"󐀠":32,"󐀡":33,"󐀢":34,"󐀣":35,"󐀤":36,"󐀥":37,"󐀦":38,"󐀧":39,"󐀨":40,"󐀩":41,"󐀪":42,"󐀫":43,"󐀬":44,"󐀭":45,"󐀮":46,"󐀯":47,"󐀰":48,"󐀱":49,"󐀲":50,"󐁤":100,"󐂖":150}},{"type":"space","advances":{"񎵀":-1,"񎾜":-1,"񑋀":1}}
	]
}