{"providers":
	[
		{
      			"type": "reference",
      			"id": "chathead:playerhead"
    		},
		{
		"type": "bitmap",
			"file": "jsplugins:gameapi/pixel.png",
			"height": -3,
			"ascent": -2000,
			"chars": [
				"\u4E03"
			]
		},
		{
			"type": "bitmap",
			"file": "jsplugins:guis/kitselector1.png",
			"height": 85,
			"ascent": 19,
			"chars": [
				"\u31BA"
			]
		},
		{
			"type": "bitmap",
			"file": "jsplugins:guis/kitselector3.png",
			"height": 103,
			"ascent": 19,
			"chars": [
				"\u1E99"
			]
		},
		{
			"type": "bitmap",
			"file": "jsplugins:guis/perks.png",
			"height": 70,
			"ascent": 19,
			"chars": [
				"\u31BB"
			]
		},
		{
			"type": "bitmap",
			"file": "jsplugins:guis/quests.png",
			"height": 70,
			"ascent": 19,
			"chars": [
				"\u31BC"
			]
		},
		{
			"type": "bitmap",
			"file": "jsplugins:guis/mapvote.png",
			"height": 70,
			"ascent": 19,
			"chars": [
				"\u31BD"
			]
		},
		{
			"type": "bitmap",
			"file": "jsplugins:guis/layouteditor.png",
			"height": 139,
			"ascent": 19,
			"chars": [
				"\u31be"
			]
		},
		{
			"type": "bitmap",
			"file": "jsplugins:guis/teleporter.png",
			"height": 139,
			"ascent": 19,
			"chars": [
				"\u31bf"
			]
		},
		{
			"type": "bitmap",
			"file": "jsplugins:guis/playerinspection.png",
			"height": 139,
			"ascent": 19,
			"chars": [
				"\u31b9"
			]
		},
		{
			"type": "bitmap",
			"file": "jsplugins:guis/potionvote.png",
			"height": 70,
			"ascent": 19,
			"chars": [
				"\u1E98"
			]
		},
		{
			"type": "bitmap",
			"file": "jsplugins:guis/shop_bannedpotions.png",
			"height": 103,
			"ascent": 19,
			"chars": [
				"\u1E9A"
			]
		},
		{
			"type": "bitmap",
			"file": "jsplugins:guis/shop.png",
			"height": 103,
			"ascent": 19,
			"chars": [
				"\u1E9B"
			]
		},
		{
			"type": "bitmap",
			"file": "jsplugins:guis/bookshelfshop.png",
			"height": 66,
			"ascent": 19,
			"chars": [
				"\u1E9C"
			]
		},
		{
			"type": "bitmap",
			"file": "jsplugins:guis/teamselector.png",
			"height": 85,
			"ascent": 19,
			"chars": [
				"\u1E9D"
			]
		},
		{
			"type": "bitmap",
			"file": "jsplugins:guis/kill_messages.png",
			"height": 139,
			"ascent": 19,
			"chars": [
				"\u1E90"
			]
		},
		{
			"type": "bitmap",
			"file": "jsplugins:guis/kill_sounds.png",
			"height": 139,
			"ascent": 19,
			"chars": [
				"Ẏ"
			]
		},
		{
			"type": "bitmap",
			"file": "jsplugins:guis/kill_effects.png",
			"height": 139,
			"ascent": 19,
			"chars": [
				"\u1E8F"
			]
		},
		{
			"type": "bitmap",
			"file": "jsplugins:guis/projectile_trails.png",
			"height": 139,
			"ascent": 19,
			"chars": [
				"ẑ"
			]
		},
		{
			"type": "bitmap",
			"file": "jsplugins:guis/hats.png",
			"height": 139,
			"ascent": 19,
			"chars": [
				"ẗ"
			]
		},
		{
			"type": "bitmap",
			"file": "jsplugins:guis/player_menu.png",
			"height": 121,
			"ascent": 19,
			"chars": [
				"\uE000"
			]
		},
		{
			"type": "bitmap",
			"file": "jsplugins:guis/confirm_inventory.png",
			"height": 70,
			"ascent": 19,
			"chars": [
				"\uE001"
			]
		},
		{
			"type": "bitmap",
			"file": "jsplugins:guis/player_menu2.png",
			"height": 70,
			"ascent": 19,
			"chars": [
				"\uE002"
			]
		},
		{
			"type": "bitmap",
			"file": "jsplugins:guis/player_menu3.png",
			"height": 70,
			"ascent": 19,
			"chars": [
				"\uE003"
			]
		},
		{
			"type": "bitmap",
			"file": "jsplugins:minigames/crystals/guis/shop_armor.png",
			"height": 85,
			"ascent": 19,
			"chars": [
				"\uE004"
			]
		},
		{
			"type": "bitmap",
			"file": "jsplugins:minigames/crystals/guis/shop_melee.png",
			"height": 85,
			"ascent": 19,
			"chars": [
				"\uE005"
			]
		},
		{
			"type": "bitmap",
			"file": "jsplugins:minigames/crystals/guis/shop_quickbuy.png",
			"height": 85,
			"ascent": 19,
			"chars": [
				"\uE006"
			]
		},
		{
			"type": "bitmap",
			"file": "jsplugins:minigames/crystals/guis/shop_ranged.png",
			"height": 85,
			"ascent": 19,
			"chars": [
				"\uE007"
			]
		},
		{
			"type": "bitmap",
			"file": "jsplugins:minigames/crystals/guis/shop_utility.png",
			"height": 85,
			"ascent": 19,
			"chars": [
				"\uE008"
			]
		},
		{
			"type": "bitmap",
			"file": "jsplugins:minigames/crystals/guis/shop_quickbuy_setup.png",
			"height": 85,
			"ascent": 19,
			"chars": [
				"\uE009"
			]
		}
	]
}