{
  "providers": [
    {
      "type": "bitmap",
      "file": "jsplugins:level_evolutions/level_evolution0.png",
      "ascent": 7,
      "height": 7,
      "chars": ["\uE000"]
    },
    {
      "type": "bitmap",
      "file": "jsplugins:level_evolutions/level_evolution1.png",
      "ascent": 7,
      "height": 7,
      "chars": ["\uE001"]
    },
    {
      "type": "bitmap",
      "file": "jsplugins:level_evolutions/level_evolution2.png",
      "ascent": 8,
      "height": 8,
      "chars": ["\uE002"]
    },
    {
      "type": "bitmap",
      "file": "jsplugins:level_evolutions/level_evolution3.png",
      "ascent": 8,
      "height": 8,
      "chars": ["\uE003"]
    },
    {
      "type": "bitmap",
      "file": "jsplugins:level_evolutions/level_evolution4.png",
      "ascent": 8,
      "height": 8,
      "chars": ["\uE004"]
    },
    {
      "type": "bitmap",
      "file": "jsplugins:level_evolutions/level_evolution5.png",
      "ascent": 8,
      "height": 8,
      "chars": ["\uE005"]
    },
    {
      "type": "bitmap",
      "file": "jsplugins:level_evolutions/level_evolution6.png",
      "ascent": 8,
      "height": 8,
      "chars": ["\uE006"]
    },
    {
      "type": "bitmap",
      "file": "jsplugins:level_evolutions/level_evolution7.png",
      "ascent": 8,
      "height": 8,
      "chars": ["\uE007"]
    },
    {
      "type": "bitmap",
      "file": "jsplugins:level_evolutions/level_evolution8.png",
      "ascent": 8,
      "height": 8,
      "chars": ["\uE008"]
    },
    {
      "type": "bitmap",
      "file": "jsplugins:level_evolutions/level_evolution9.png",
      "ascent": 8,
      "height": 8,
      "chars": ["\uE009"]
    },
    {
      "type": "bitmap",
      "file": "jsplugins:level_evolutions/level_evolution10.png",
      "ascent": 8,
      "height": 8,
      "chars": ["\uE00A"]
    }
  ]
}