{
	"credit": "Made with Blockbench",
	"texture_size": [64, 64],
	"textures": {
		"0": "block/carved_pumpkin/11",
		"particle": "block/carved_pumpkin/11"
	},
	"elements": [
		{
			"from": [2, 8, 2],
			"to": [14, 10, 14],
			"faces": {
				"north": {"uv": [3, 3, 6, 3.5], "texture": "#0"},
				"east": {"uv": [0, 3, 3, 3.5], "texture": "#0"},
				"south": {"uv": [9, 3, 12, 3.5], "texture": "#0"},
				"west": {"uv": [6, 3, 9, 3.5], "texture": "#0"},
				"up": {"uv": [6, 3, 3, 0], "texture": "#0"},
				"down": {"uv": [9, 0, 6, 3], "texture": "#0"}
			}
		},
		{
			"from": [5, 10, 5],
			"to": [11, 12, 11],
			"faces": {
				"north": {"uv": [1.5, 5, 3, 5.5], "texture": "#0"},
				"east": {"uv": [0, 5, 1.5, 5.5], "texture": "#0"},
				"south": {"uv": [4.5, 5, 6, 5.5], "texture": "#0"},
				"west": {"uv": [3, 5, 4.5, 5.5], "texture": "#0"},
				"up": {"uv": [3, 5, 1.5, 3.5], "texture": "#0"},
				"down": {"uv": [4.5, 3.5, 3, 5], "texture": "#0"}
			}
		},
		{
			"from": [6, 10, 4.5],
			"to": [10, 13, 4.5],
			"rotation": {"angle": 22.5, "axis": "x", "origin": [8, 11.5, 4.5]},
			"faces": {
				"north": {"uv": [0, 1.5, 1, 2.25], "texture": "#0"},
				"east": {"uv": [0, 1.5, 0, 2.25], "texture": "#0"},
				"south": {"uv": [1, 1.5, 2, 2.25], "texture": "#0"},
				"west": {"uv": [1, 1.5, 1, 2.25], "texture": "#0"},
				"up": {"uv": [1, 1.5, 0, 1.5], "texture": "#0"},
				"down": {"uv": [2, 1.5, 1, 1.5], "texture": "#0"}
			}
		},
		{
			"from": [5.025, 10.95, 5.825],
			"to": [10.975, 15, 11.775],
			"rotation": {"angle": 22.5, "axis": "x", "origin": [8, 13.5, 8]},
			"faces": {
				"north": {"uv": [6, 5.5, 7.25, 6.5], "texture": "#0"},
				"east": {"uv": [4.75, 5.5, 6, 6.5], "texture": "#0"},
				"south": {"uv": [8.5, 5.5, 9.75, 6.5], "texture": "#0"},
				"west": {"uv": [7.25, 5.5, 8.5, 6.5], "texture": "#0"},
				"up": {"uv": [7.25, 5.5, 6, 4.25], "texture": "#0"},
				"down": {"uv": [8.5, 4.25, 7.25, 5.5], "texture": "#0"}
			}
		},
		{
			"from": [6, 13.63896, 8.57193],
			"to": [10, 17.63896, 12.57193],
			"rotation": {"angle": 45, "axis": "x", "origin": [8, 15.88896, 10.07193]},
			"faces": {
				"north": {"uv": [1, 6.5, 2, 7.5], "texture": "#0"},
				"east": {"uv": [0, 6.5, 1, 7.5], "texture": "#0"},
				"south": {"uv": [3, 6.5, 4, 7.5], "texture": "#0"},
				"west": {"uv": [2, 6.5, 3, 7.5], "texture": "#0"},
				"up": {"uv": [2, 6.5, 1, 5.5], "texture": "#0"},
				"down": {"uv": [3, 5.5, 2, 6.5], "texture": "#0"}
			}
		},
		{
			"from": [7, 15.13896, 11.32193],
			"to": [9, 17.13896, 15.32193],
			"rotation": {"angle": -22.5, "axis": "x", "origin": [8, 15.88896, 10.07193]},
			"faces": {
				"north": {"uv": [1, 1, 1.5, 1.5], "texture": "#0"},
				"east": {"uv": [0, 1, 1, 1.5], "texture": "#0"},
				"south": {"uv": [2.5, 1, 3, 1.5], "texture": "#0"},
				"west": {"uv": [1.5, 1, 2.5, 1.5], "texture": "#0"},
				"up": {"uv": [1.5, 1, 1, 0], "texture": "#0"},
				"down": {"uv": [2, 0, 1.5, 1], "texture": "#0"}
			}
		}
	],
	"display": {
		"thirdperson_righthand": {
			"rotation": [0, 24, -90],
			"translation": [-1.75, -2, -1.75],
			"scale": [0.7, 0.7, 0.7]
		},
		"thirdperson_lefthand": {
			"rotation": [0, 24, -90],
			"translation": [-1.75, -2, -1.75],
			"scale": [0.7, 0.7, 0.7]
		},
		"firstperson_righthand": {
			"translation": [-0.75, 0, 0],
			"scale": [0.8, 0.8, 0.8]
		},
		"firstperson_lefthand": {
			"translation": [-0.75, 0, 0],
			"scale": [0.8, 0.8, 0.8]
		},
		"ground": {
			"translation": [0, -2, 0]
		},
		"gui": {
			"rotation": [13, -156, 0],
			"translation": [0, -5, 0],
			"scale": [0.9, 0.9, 0.9]
		},
		"head": {
			"translation": [0, 4, 0],
			"scale": [1.6, 1.6, 1.6]
		},
		"fixed": {
			"translation": [0, -4, 0]
		}
	}
}