{
	"credit": "Made with Blockbench",
	"texture_size": [32, 32],
	"textures": {
		"0": "block/carved_pumpkin/6",
		"particle": "block/carved_pumpkin/6"
	},
	"elements": [
		{
			"from": [1.25, 6.5, 6.5],
			"to": [4.25, 9.5, 9.5],
			"rotation": {"angle": 45, "axis": "z", "origin": [3.5, 9.5, 8]},
			"faces": {
				"north": {"uv": [1.5, 1.5, 3, 3], "texture": "#0"},
				"east": {"uv": [0, 1.5, 1.5, 3], "texture": "#0"},
				"south": {"uv": [4.5, 1.5, 6, 3], "texture": "#0"},
				"west": {"uv": [3, 1.5, 4.5, 3], "texture": "#0"},
				"up": {"uv": [3, 1.5, 1.5, 0], "texture": "#0"},
				"down": {"uv": [4.5, 0, 3, 1.5], "texture": "#0"}
			}
		},
		{
			"from": [2.24896, 8.26525, 7],
			"to": [4.24896, 11.26525, 9],
			"rotation": {"angle": 22.5, "axis": "z", "origin": [2.25901, 8.28033, 8]},
			"faces": {
				"north": {"uv": [6, 6, 7, 7.5], "texture": "#0"},
				"east": {"uv": [5, 6, 6, 7.5], "texture": "#0"},
				"south": {"uv": [8, 6, 9, 7.5], "texture": "#0"},
				"west": {"uv": [7, 6, 8, 7.5], "texture": "#0"},
				"up": {"uv": [7, 6, 6, 5], "texture": "#0"},
				"down": {"uv": [8, 5, 7, 6], "texture": "#0"}
			}
		},
		{
			"from": [1.5772, 11.21917, 7.5],
			"to": [2.5772, 14.21917, 8.5],
			"rotation": {"angle": -22.5, "axis": "z", "origin": [1.5573, 11.2027, 8]},
			"faces": {
				"north": {"uv": [6.5, 0.5, 7, 2], "texture": "#0"},
				"east": {"uv": [6, 0.5, 6.5, 2], "texture": "#0"},
				"south": {"uv": [7.5, 0.5, 8, 2], "texture": "#0"},
				"west": {"uv": [7, 0.5, 7.5, 2], "texture": "#0"},
				"up": {"uv": [7, 0.5, 6.5, 0], "texture": "#0"},
				"down": {"uv": [7.5, 0, 7, 0.5], "texture": "#0"}
			}
		},
		{
			"from": [11.75, 6.5, 6.5],
			"to": [14.75, 9.5, 9.5],
			"rotation": {"angle": -45, "axis": "z", "origin": [12.5, 9.5, 8]},
			"faces": {
				"north": {"uv": [3, 1.5, 1.5, 3], "texture": "#0"},
				"east": {"uv": [4.5, 1.5, 3, 3], "texture": "#0"},
				"south": {"uv": [6, 1.5, 4.5, 3], "texture": "#0"},
				"west": {"uv": [1.5, 1.5, 0, 3], "texture": "#0"},
				"up": {"uv": [1.5, 1.5, 3, 0], "texture": "#0"},
				"down": {"uv": [3, 0, 4.5, 1.5], "texture": "#0"}
			}
		},
		{
			"from": [11.75104, 8.26525, 7],
			"to": [13.75104, 11.26525, 9],
			"rotation": {"angle": -22.5, "axis": "z", "origin": [13.74099, 8.28033, 8]},
			"faces": {
				"north": {"uv": [7, 6, 6, 7.5], "texture": "#0"},
				"east": {"uv": [8, 6, 7, 7.5], "texture": "#0"},
				"south": {"uv": [9, 6, 8, 7.5], "texture": "#0"},
				"west": {"uv": [6, 6, 5, 7.5], "texture": "#0"},
				"up": {"uv": [6, 6, 7, 5], "texture": "#0"},
				"down": {"uv": [7, 5, 8, 6], "texture": "#0"}
			}
		},
		{
			"from": [13.4228, 11.21917, 7.5],
			"to": [14.4228, 14.21917, 8.5],
			"rotation": {"angle": 22.5, "axis": "z", "origin": [14.4427, 11.2027, 8]},
			"faces": {
				"north": {"uv": [7, 0.5, 6.5, 2], "texture": "#0"},
				"east": {"uv": [7.5, 0.5, 7, 2], "texture": "#0"},
				"south": {"uv": [8, 0.5, 7.5, 2], "texture": "#0"},
				"west": {"uv": [6.5, 0.5, 6, 2], "texture": "#0"},
				"up": {"uv": [6.5, 0.5, 7, 0], "texture": "#0"},
				"down": {"uv": [7, 0, 7.5, 0.5], "texture": "#0"}
			}
		},
		{
			"from": [4, 6, 7],
			"to": [12, 7.75, 9],
			"faces": {
				"north": {"uv": [1, 9.5, 5, 10], "texture": "#0"},
				"east": {"uv": [0, 9.5, 1, 10], "texture": "#0"},
				"south": {"uv": [6, 9.5, 10, 10], "texture": "#0"},
				"west": {"uv": [5, 9.5, 6, 10], "texture": "#0"},
				"up": {"uv": [5, 9.5, 1, 8.5], "texture": "#0"},
				"down": {"uv": [9, 8.5, 5, 9.5], "texture": "#0"}
			}
		}
	],
	"display": {
		"thirdperson_righthand": {
			"rotation": [-90, 90, 0],
			"translation": [0, -2, 0],
			"scale": [0.7, 0.7, 0.7]
		},
		"thirdperson_lefthand": {
			"rotation": [-90, 90, 0],
			"translation": [0, -2, 0],
			"scale": [0.7, 0.7, 0.7]
		},
		"firstperson_righthand": {
			"translation": [0, 1.5, 0]
		},
		"firstperson_lefthand": {
			"translation": [0, 1.5, 0]
		},
		"ground": {
			"rotation": [90, 0, 0]
		},
		"gui": {
			"rotation": [20, -153, 0],
			"translation": [0, -0.75, 0]
		},
		"head": {
			"translation": [0, 6.5, 0],
			"scale": [1.6, 1.6, 1.6]
		}
	}
}