{
	"credit": "Made with Blockbench",
	"texture_size": [64, 64],
	"textures": {
		"0": "block/carved_pumpkin/8",
		"particle": "block/carved_pumpkin/8"
	},
	"elements": [
		{
			"from": [3.5, 5, 3.5],
			"to": [12.5, 10, 12.5],
			"faces": {
				"north": {"uv": [2.25, 2.25, 4.5, 3.5], "texture": "#0"},
				"east": {"uv": [0, 2.25, 2.25, 3.5], "texture": "#0"},
				"south": {"uv": [6.75, 2.25, 9, 3.5], "texture": "#0"},
				"west": {"uv": [4.5, 2.25, 6.75, 3.5], "texture": "#0"},
				"up": {"uv": [4.5, 2.25, 2.25, 0], "texture": "#0"},
				"down": {"uv": [6.75, 0, 4.5, 2.25], "texture": "#0"}
			}
		},
		{
			"from": [1.94329, 10.9597, 7],
			"to": [3.94329, 14.9597, 9],
			"rotation": {"angle": 0, "axis": "y", "origin": [0.04329, -0.1903, 0.5]},
			"faces": {
				"north": {"uv": [0.5, 6.25, 1, 7.25], "texture": "#0"},
				"east": {"uv": [0, 6.25, 0.5, 7.25], "texture": "#0"},
				"south": {"uv": [1.5, 6.25, 2, 7.25], "texture": "#0"},
				"west": {"uv": [1, 6.25, 1.5, 7.25], "texture": "#0"},
				"up": {"uv": [1, 6.25, 0.5, 5.75], "texture": "#0"},
				"down": {"uv": [1.5, 5.75, 1, 6.25], "texture": "#0"}
			}
		},
		{
			"from": [2.5, 6, 6.5],
			"to": [5.5, 11, 9.5],
			"rotation": {"angle": 22.5, "axis": "z", "origin": [2.5, 8.5, 8]},
			"faces": {
				"north": {"uv": [6, 5.5, 6.75, 6.75], "texture": "#0"},
				"east": {"uv": [5.25, 5.5, 6, 6.75], "texture": "#0"},
				"south": {"uv": [7.5, 5.5, 8.25, 6.75], "texture": "#0"},
				"west": {"uv": [6.75, 5.5, 7.5, 6.75], "texture": "#0"},
				"up": {"uv": [6.75, 5.5, 6, 4.75], "texture": "#0"},
				"down": {"uv": [7.5, 4.75, 6.75, 5.5], "texture": "#0"}
			}
		},
		{
			"from": [12.05671, 10.9597, 7],
			"to": [14.05671, 14.9597, 9],
			"rotation": {"angle": 0, "axis": "y", "origin": [15.95671, -0.1903, 0.5]},
			"faces": {
				"north": {"uv": [0.5, 4, 1, 5], "texture": "#0"},
				"east": {"uv": [0, 4, 0.5, 5], "texture": "#0"},
				"south": {"uv": [1.5, 4, 2, 5], "texture": "#0"},
				"west": {"uv": [1, 4, 1.5, 5], "texture": "#0"},
				"up": {"uv": [1, 4, 0.5, 3.5], "texture": "#0"},
				"down": {"uv": [1.5, 3.5, 1, 4], "texture": "#0"}
			}
		},
		{
			"from": [10.5, 6, 6.5],
			"to": [13.5, 11, 9.5],
			"rotation": {"angle": -22.5, "axis": "z", "origin": [13.5, 8.5, 8]},
			"faces": {
				"north": {"uv": [3.75, 4.25, 4.5, 5.5], "texture": "#0"},
				"east": {"uv": [3, 4.25, 3.75, 5.5], "texture": "#0"},
				"south": {"uv": [5.25, 4.25, 6, 5.5], "texture": "#0"},
				"west": {"uv": [4.5, 4.25, 5.25, 5.5], "texture": "#0"},
				"up": {"uv": [4.5, 4.25, 3.75, 3.5], "texture": "#0"},
				"down": {"uv": [5.25, 3.5, 4.5, 4.25], "texture": "#0"}
			}
		},
		{
			"from": [7, 9.5, 4],
			"to": [9, 10.5, 12.498],
			"faces": {
				"north": {"uv": [2, 5.5, 2.5, 5.75], "texture": "#0"},
				"east": {"uv": [0, 5.5, 2, 5.75], "texture": "#0"},
				"south": {"uv": [4.5, 5.5, 5, 5.75], "texture": "#0"},
				"west": {"uv": [2.5, 5.5, 4.5, 5.75], "texture": "#0"},
				"up": {"uv": [2.5, 5.5, 2, 3.5], "texture": "#0"},
				"down": {"uv": [3, 3.5, 2.5, 5.5], "texture": "#0"}
			}
		},
		{
			"from": [7, 2.75, 3],
			"to": [9, 10.5, 4],
			"faces": {
				"north": {"uv": [0.25, 0.25, 0.75, 2], "texture": "#0"},
				"east": {"uv": [0, 0.25, 0.25, 2], "texture": "#0"},
				"south": {"uv": [1, 0.25, 1.5, 2], "texture": "#0"},
				"west": {"uv": [0.75, 0.25, 1, 2], "texture": "#0"},
				"up": {"uv": [0.75, 0.25, 0.25, 0], "texture": "#0"},
				"down": {"uv": [1.25, 0, 0.75, 0.25], "texture": "#0"}
			}
		}
	],
	"display": {
		"thirdperson_righthand": {
			"rotation": [0, 37.25, -90],
			"translation": [-0.75, -2, -2.5],
			"scale": [0.7, 0.7, 0.7]
		},
		"thirdperson_lefthand": {
			"rotation": [0, 37.25, -90],
			"translation": [-0.75, -2, -2.5],
			"scale": [0.7, 0.7, 0.7]
		},
		"firstperson_righthand": {
			"translation": [0, 2.25, 0]
		},
		"firstperson_lefthand": {
			"translation": [0, 2.25, 0]
		},
		"ground": {
			"rotation": [20, 0, 0],
			"translation": [0, 1.25, 0]
		},
		"gui": {
			"rotation": [18, -153, 0],
			"translation": [0, -0.5, 0],
			"scale": [0.9, 0.9, 0.9]
		},
		"head": {
			"translation": [0, 6.5, 0],
			"scale": [1.6, 1.6, 1.6]
		},
		"fixed": {
			"translation": [0, -1, 0]
		}
	}
}