{
  "oversized_in_gui": true,
  "model": {
    "type": "range_dispatch",
    "property": "custom_model_data",
    "entries": [
      { "threshold": 1, "model": { "type": "special", "base": "item/player_head", "model": { "type": "head", "kind": "player" } } },
      { "threshold": 2, "model": { "type": "special", "base": "custom/ui/large_player_head", "model": { "type": "head", "kind": "player" } } },
      { "threshold": 3, "model": { "type": "special", "base": "item/player_head", "model": { "type": "head", "kind": "player" } } },
      { "threshold": 4, "model": { "type": "special", "base": "custom/entities/player/player_head", "model": { "type": "head", "kind": "player" } } },
      { "threshold": 5, "model": { "type": "special", "base": "custom/ui/avatar", "model": { "type": "head", "kind": "player" } } },
      { "threshold": 6, "model": { "type": "special", "base": "custom/ui/avatar_disabled", "model": { "type": "head", "kind": "player" } } }
    ],
    "fallback": {
      "type": "special", "base": "item/template_skull", "model": { "type": "head", "kind": "player" }
    }
  }
}