{
  "model": {
    "type": "minecraft:range_dispatch",
    "property": "minecraft:custom_model_data",
    "index": 0,
    "fallback": {
      "type": "minecraft:model",
      "model": "minecraft:item/barrier"
    },
    "entries": [
      {
        "model": {
          "type": "minecraft:model",
          "model": "minecraft:block/carved_pumpkin/1"
        },
        "threshold": 1
      },
      {
        "model": {
          "type": "minecraft:model",
          "model": "minecraft:block/carved_pumpkin/2"
        },
        "threshold": 2
      },
      {
        "model": {
          "type": "minecraft:model",
          "model": "minecraft:block/carved_pumpkin/3"
        },
        "threshold": 3
      },
      {
        "model": {
          "type": "minecraft:model",
          "model": "minecraft:block/carved_pumpkin/4"
        },
        "threshold": 4
      },
      {
        "model": {
          "type": "minecraft:model",
          "model": "minecraft:block/carved_pumpkin/5"
        },
        "threshold": 5
      },
      {
        "model": {
          "type": "minecraft:model",
          "model": "minecraft:block/carved_pumpkin/6"
        },
        "threshold": 6
      },
      {
        "model": {
          "type": "minecraft:model",
          "model": "minecraft:block/carved_pumpkin/7"
        },
        "threshold": 7
      },
      {
        "model": {
          "type": "minecraft:model",
          "model": "minecraft:block/carved_pumpkin/8"
        },
        "threshold": 8
      },
      {
        "model": {
          "type": "minecraft:model",
          "model": "minecraft:block/carved_pumpkin/9"
        },
        "threshold": 9
      },
      {
        "model": {
          "type": "minecraft:model",
          "model": "minecraft:block/carved_pumpkin/10"
        },
        "threshold": 10
      },
      {
        "model": {
          "type": "minecraft:model",
          "model": "minecraft:block/carved_pumpkin/11"
        },
        "threshold": 11
      },
      {
        "model": {
          "type": "minecraft:model",
          "model": "minecraft:block/carved_pumpkin/12"
        },
        "threshold": 12
      }
    ]
  }
}