{
  "model": {
    "type": "minecraft:range_dispatch",
    "property": "minecraft:custom_model_data",
    "index": 0,
    "fallback": {
      "type": "minecraft:model",
      "model": "minecraft:item/echo_shard"
    },
    "entries": [
      {
        "model": {
          "type": "minecraft:model",
          "model": "minecraft:item/sparkofinvisibility"
        },
        "threshold": 1010
      },
      {
        "model": {
          "type": "minecraft:model",
          "model": "minecraft:item/sparkoflevitation"
        },
        "threshold": 1011
      },
      {
        "model": {
          "type": "minecraft:model",
          "model": "minecraft:item/sparkofregeneration"
        },
        "threshold": 1012
      },
      {
        "model": {
          "type": "minecraft:model",
          "model": "minecraft:item/sparkofswiftness"
        },
        "threshold": 1013
      },
      {
        "model": {
          "type": "minecraft:model",
          "model": "minecraft:item/toxicgrenade"
        },
        "threshold": 1014
      },
      {
        "model": {
          "type": "minecraft:model",
          "model": "minecraft:item/slownessgrenade"
        },
        "threshold": 1015
      },
      {
        "model": {
          "type": "minecraft:model",
          "model": "minecraft:item/back"
        },
        "threshold": 1016
      },
      {
        "model": {
          "type": "minecraft:model",
          "model": "minecraft:item/close"
        },
        "threshold": 1017
      },
      {
        "model": {
          "type": "minecraft:model",
          "model": "minecraft:item/info"
        },
        "threshold": 1018
      },
      {
        "model": {
          "type": "minecraft:model",
          "model": "minecraft:item/sparkofjumpboost"
        },
        "threshold": 1019
      },
      {
        "model": {
          "type": "minecraft:model",
          "model": "minecraft:item/blindnessgrenade"
        },
        "threshold": 1020
      },
      {
        "model": {
          "type": "minecraft:model",
          "model": "minecraft:item/locked"
        },
        "threshold": 1021
      },
      {
        "model": {
          "type": "minecraft:model",
          "model": "minecraft:item/nopotions"
        },
        "threshold": 1022
      },
      {
        "model": {
          "type": "minecraft:model",
          "model": "minecraft:item/quest"
        },
        "threshold": 1023
      },
      {
        "model": {
          "type": "minecraft:model",
          "model": "minecraft:item/quest_animation"
        },
        "threshold": 1024
      },
      {
        "model": {
          "type": "minecraft:model",
          "model": "minecraft:item/player_menu_item"
        },
        "threshold": 1025
      },
      {
        "model": {
          "type": "minecraft:model",
          "model": "minecraft:item/player_menu_item_animation"
        },
        "threshold": 1026
      },
      {
        "model": {
          "type": "minecraft:model",
          "model": "minecraft:item/level_evolution0"
        },
        "threshold": 1027
      },
      {
        "model": {
          "type": "minecraft:model",
          "model": "minecraft:item/level_evolution0_animation"
        },
        "threshold": 1028
      },
      {
        "model": {
          "type": "minecraft:model",
          "model": "minecraft:item/level_evolution1"
        },
        "threshold": 1029
      },
      {
        "model": {
          "type": "minecraft:model",
          "model": "minecraft:item/level_evolution1_animation"
        },
        "threshold": 1030
      },
      {
        "model": {
          "type": "minecraft:model",
          "model": "minecraft:item/level_evolution2"
        },
        "threshold": 1031
      },
      {
        "model": {
          "type": "minecraft:model",
          "model": "minecraft:item/level_evolution2_animation"
        },
        "threshold": 1032
      },
      {
        "model": {
          "type": "minecraft:model",
          "model": "minecraft:item/level_evolution3"
        },
        "threshold": 1033
      },
      {
        "model": {
          "type": "minecraft:model",
          "model": "minecraft:item/level_evolution3_animation"
        },
        "threshold": 1034
      },
      {
        "model": {
          "type": "minecraft:model",
          "model": "minecraft:item/level_evolution4"
        },
        "threshold": 1035
      },
      {
        "model": {
          "type": "minecraft:model",
          "model": "minecraft:item/level_evolution4_animation"
        },
        "threshold": 1036
      },
      {
        "model": {
          "type": "minecraft:model",
          "model": "minecraft:item/level_evolution5"
        },
        "threshold": 1037
      },
      {
        "model": {
          "type": "minecraft:model",
          "model": "minecraft:item/level_evolution5_animation"
        },
        "threshold": 1038
      },
      {
        "model": {
          "type": "minecraft:model",
          "model": "minecraft:item/level_evolution6"
        },
        "threshold": 1039
      },
      {
        "model": {
          "type": "minecraft:model",
          "model": "minecraft:item/level_evolution6_animation"
        },
        "threshold": 1040
      },
      {
        "model": {
          "type": "minecraft:model",
          "model": "minecraft:item/level_evolution7"
        },
        "threshold": 1041
      },
      {
        "model": {
          "type": "minecraft:model",
          "model": "minecraft:item/level_evolution7_animation"
        },
        "threshold": 1042
      },
      {
        "model": {
          "type": "minecraft:model",
          "model": "minecraft:item/level_evolution8"
        },
        "threshold": 1043
      },
      {
        "model": {
          "type": "minecraft:model",
          "model": "minecraft:item/level_evolution8_animation"
        },
        "threshold": 1044
      },
      {
        "model": {
          "type": "minecraft:model",
          "model": "minecraft:item/level_evolution9"
        },
        "threshold": 1045
      },
      {
        "model": {
          "type": "minecraft:model",
          "model": "minecraft:item/level_evolution9_animation"
        },
        "threshold": 1046
      },
      {
        "model": {
          "type": "minecraft:model",
          "model": "minecraft:item/level_evolution10"
        },
        "threshold": 1047
      },
      {
        "model": {
          "type": "minecraft:model",
          "model": "minecraft:item/level_evolution10_animation"
        },
        "threshold": 1048
      },
      {
        "model": {
          "type": "minecraft:model",
          "model": "minecraft:item/achievements"
        },
        "threshold": 1049
      },
      {
        "model": {
          "type": "minecraft:model",
          "model": "minecraft:item/achievements_animation"
        },
        "threshold": 1050
      },
      {
        "model": {
          "type": "minecraft:model",
          "model": "minecraft:item/language"
        },
        "threshold": 1051
      },
      {
        "model": {
          "type": "minecraft:model",
          "model": "minecraft:item/daily_reward_track"
        },
        "threshold": 1052
      },
      {
        "model": {
          "type": "minecraft:model",
          "model": "minecraft:item/daily_reward_track_animation"
        },
        "threshold": 1053
      }
    ]
  }
}