{
  "model": {
    "type": "minecraft:range_dispatch",
    "property": "minecraft:custom_model_data",
    "index": 0,
    "fallback": {
      "type": "minecraft:model",
      "model": "minecraft:item/enchanted_book"
    },
    "entries": [
      { "threshold": 1000, "model": { "type": "minecraft:model", "model": "minecraft:item/protection_1" } },
      { "threshold": 1100, "model": { "type": "minecraft:model", "model": "minecraft:item/thorns_1" } },
      { "threshold": 1200, "model": { "type": "minecraft:model", "model": "minecraft:item/sharpness_1" } },
      { "threshold": 1300, "model": { "type": "minecraft:model", "model": "minecraft:item/fire_aspect_1" } },
      { "threshold": 1400, "model": { "type": "minecraft:model", "model": "minecraft:item/knockback_1" } },
      { "threshold": 1500, "model": { "type": "minecraft:model", "model": "minecraft:item/power_1" } },
      { "threshold": 1600, "model": { "type": "minecraft:model", "model": "minecraft:item/flame_1" } },
      { "threshold": 1700, "model": { "type": "minecraft:model", "model": "minecraft:item/punch_1" } },
      { "threshold": 1800, "model": { "type": "minecraft:model", "model": "minecraft:item/infinity_1" } }

    ]
  }
}